"","outcomes","epv","outcomes_cx","epv_ss","AUC"
"1",927.433,77.2860833333333,462.637,19.2765416666666,0.656472118828262
